<?xml version="1.0" encoding="UTF-8"?>

<Patient xmlns="http://hl7.org/fhir">
  <id value="example"/>
  <text>
    <status value="generated"/><div xmlns="http://www.w3.org/1999/xhtml"><p style="border: 1px #661aff solid; background-color: #e6e6ff; padding: 10px;"><b>Jack Smith </b> male, DoB: 1956-05-27</p><hr/><table class="grid"><tr><td style="background-color: #f3f5da" title="Alternate names (see the one above)">Alt Names:</td><td colspan="3"><ul><li>John Jacob Jingleheimer Smith (OFFICIAL)</li><li>John Jacob Jingleheimer Smith (OFFICIAL)</li></ul></td></tr><tr><td style="background-color: #f3f5da" title="Ways to contact the Patient">Contact Detail:</td><td colspan="3">100 Main St Metropolis Il 44130 USA </td></tr></table></div>
  </text>
  <name>
    <use value="usual"/>
    <family value="Smith"/>
    <given value="Jack"/>
  </name>
  <name>
    <use value="official"/>
    <family value="Smith"/>
    <given value="John"/>
    <given value="Jacob"/>
    <given value="Jingleheimer"/>
    <period>
      <end value="2001-01-01"/>
    </period>
  </name>
  <name>
    <use value="official"/>
    <family value="Smith"/>
    <given value="John"/>
    <given value="Jacob"/>
    <given value="Jingleheimer"/>
    <period>
      <start value="2001-01-01"/>
    </period>
  </name>
  <gender value="male"/>
  <birthDate value="1956-05-27"/>
  <address>
    <line value="100 Main St"/>
    <city value="Metropolis"/>
    <state value="Il"/>
    <postalCode value="44130"/>
    <country value="USA"/>
  </address>
</Patient>