{
  "resourceType" : "Patient",
  "id" : "example",
  "text" : {
    "status" : "generated",
    "div" : "<div xmlns=\"http://www.w3.org/1999/xhtml\"><p style=\"border: 1px #661aff solid; background-color: #e6e6ff; padding: 10px;\"><b>Jack Smith </b> male, DoB: 1956-05-27</p><hr/><table class=\"grid\"><tr><td style=\"background-color: #f3f5da\" title=\"Alternate names (see the one above)\">Alt Names:</td><td colspan=\"3\"><ul><li>John Jacob Jingleheimer Smith (OFFICIAL)</li><li>John Jacob Jingleheimer Smith (OFFICIAL)</li></ul></td></tr><tr><td style=\"background-color: #f3f5da\" title=\"Ways to contact the Patient\">Contact Detail:</td><td colspan=\"3\">100 Main St Metropolis Il 44130 USA </td></tr></table></div>"
  },
  "name" : [{
    "use" : "usual",
    "family" : "Smith",
    "given" : ["Jack"]
  },
  {
    "use" : "official",
    "family" : "Smith",
    "given" : ["John",
    "Jacob",
    "Jingleheimer"],
    "period" : {
      "end" : "2001-01-01"
    }
  },
  {
    "use" : "official",
    "family" : "Smith",
    "given" : ["John",
    "Jacob",
    "Jingleheimer"],
    "period" : {
      "start" : "2001-01-01"
    }
  }],
  "gender" : "male",
  "birthDate" : "1956-05-27",
  "address" : [{
    "line" : ["100 Main St"],
    "city" : "Metropolis",
    "state" : "Il",
    "postalCode" : "44130",
    "country" : "USA"
  }]
}